country_code,country_name,season,accuracy_percentage
Belgium,BEL,2008/2009,54.333333333333336
England,GBR,2008/2009,54.21052631578947
France,FRA,2008/2009,49.6042216358839
Germany,DEU,2008/2009,53.26797385620915
Italy,ITA,2008/2009,54.61741424802111
Netherlands,NLD,2008/2009,53.11475409836065
Portugal,PRT,2008/2009,57.56302521008403
Scotland,SCOT,2008/2009,48.24561403508772
Spain,ESP,2008/2009,54.88126649076517
CHE,CHE,2008/2009,0.0
POL,POL,2008/2009,0.0
