,country_name,season,accuracy_percentage
0,Belgium,2008/2009,54.333333333333336
7,England,2008/2009,54.21052631578947
15,France,2008/2009,49.6042216358839
23,Germany,2008/2009,53.26797385620915
31,Italy,2008/2009,54.61741424802111
39,Netherlands,2008/2009,53.11475409836065
47,Portugal,2008/2009,57.56302521008403
55,Scotland,2008/2009,48.24561403508772
63,Spain,2008/2009,54.88126649076517
