,country_code,country_name,season,accuracy_percentage
2,Belgium,BEL,2010/2011,51.724137931034484
9,England,GBR ,2010/2011,50.26315789473684
17,France,FRA,2010/2011,44.327176781002635
25,Germany,DEU,2010/2011,48.03921568627451
33,Italy,ITA,2010/2011,52.785145888594165
41,Netherlands,NLD,2010/2011,56.86274509803921
49,Portugal,PRT,2010/2011,53.13807531380753
57,Scotland,GBBR,2010/2011,55.70175438596491
65,Spain,ESP,2010/2011,61.05263157894737
