,country_name,season,accuracy_percentage
2,Belgium,2010/2011,51.724137931034484
9,England,2010/2011,50.26315789473684
17,France,2010/2011,44.327176781002635
25,Germany,2010/2011,48.03921568627451
33,Italy,2010/2011,52.785145888594165
41,Netherlands,2010/2011,56.86274509803921
49,Portugal,2010/2011,53.13807531380753
57,Scotland,2010/2011,55.70175438596491
65,Spain,2010/2011,61.05263157894737
