,country_name,season,accuracy_percentage
3,Belgium,2011/2012,55.88235294117647
10,England,2011/2012,52.10526315789473
18,France,2011/2012,52.368421052631575
26,Germany,2011/2012,51.307189542483655
34,Italy,2011/2012,49.85994397759104
42,Netherlands,2011/2012,58.496732026143796
50,Portugal,2011/2012,58.40336134453782
58,Scotland,2011/2012,53.07017543859649
66,Spain,2011/2012,54.736842105263165
