,country_code,country_name,season,accuracy_percentage
12,England,GBR ,2013/2014,60.26315789473684
20,France,FRA,2013/2014,52.10526315789473
28,Germany,DEU,2013/2014,56.5359477124183
36,Italy,ITA,2013/2014,56.84210526315789
44,Netherlands,NLD,2013/2014,49.50819672131148
52,Portugal,PRT,2013/2014,53.813559322033896
60,Scotland,SCOT,2013/2014,54.385964912280706
68,Spain,ESP,2013/2014,53.421052631578945
