,country_name,season,accuracy_percentage
12,England,2013/2014,60.26315789473684
20,France,2013/2014,52.10526315789473
28,Germany,2013/2014,56.5359477124183
36,Italy,2013/2014,56.84210526315789
44,Netherlands,2013/2014,49.50819672131148
52,Portugal,2013/2014,53.813559322033896
60,Scotland,2013/2014,54.385964912280706
68,Spain,2013/2014,53.421052631578945
