country_code,country_name,season,accuracy_percentage
Belgium,BEL,2014/2015,50.83333333333333
England,GBR,2014/2015,53.1578947368421
France,FRA,2014/2015,54.736842105263165
Germany,DEU,2014/2015,51.633986928104584
Italy,ITA,2014/2015,46.965699208443276
Netherlands,NLD,2014/2015,53.973509933774835
Portugal,PRT,2014/2015,54.78547854785478
Scotland,SCOT,2014/2015,52.863436123348016
Spain,ESP,2014/2015,57.519788918205805
CHE,CHE,2014/2015,0.0
POL,POL,2014/2015,0.0
