,country_name,season,accuracy_percentage
6,Belgium,2015/2016,50.83333333333333
14,England,2015/2016,47.63157894736842
22,France,2015/2016,49.340369393139845
30,Germany,2015/2016,52.614379084967325
38,Italy,2015/2016,53.421052631578945
46,Netherlands,2015/2016,54.248366013071895
54,Portugal,2015/2016,55.22875816993464
62,Scotland,2015/2016,45.81497797356828
70,Spain,2015/2016,54.473684210526315
