,country_name,season,accuracy_percentage
0,Belgium,2008/2009,53.973509933774835
7,England,2008/2009,54.473684210526315
15,France,2008/2009,50.3957783641161
23,Germany,2008/2009,52.94117647058824
31,Italy,2008/2009,54.232804232804234
39,Netherlands,2008/2009,54.09836065573771
47,Portugal,2008/2009,57.14285714285714
55,Scotland,2008/2009,48.68421052631579
63,Spain,2008/2009,56.464379947229546
