country_code,country_name,season,accuracy_percentage
Belgium,BEL,2008/2009,53.973509933774835
England,GBR,2008/2009,54.473684210526315
France,FRA,2008/2009,50.3957783641161
Germany,DEU,2008/2009,52.94117647058824
Italy,ITA,2008/2009,54.232804232804234
Netherlands,NLD,2008/2009,54.09836065573771
Portugal,PRT,2008/2009,57.14285714285714
Scotland,SCOT,2008/2009,48.68421052631579
Spain,ESP,2008/2009,56.464379947229546
CHE,CHE,2008/2009,0.0
POL,POL,2008/2009,0.0
