,country_code,country_name,season,accuracy_percentage
1,Belgium,BEL,2009/2010,54.285714285714285
8,England,GBR ,2009/2010,55.26315789473685
16,France,FRA,2009/2010,49.86807387862797
24,Germany,DEU,2009/2010,49.34640522875817
32,Italy,ITA,2009/2010,55.4054054054054
40,Netherlands,NLD,2009/2010,62.95081967213115
48,Portugal,PRT,2009/2010,53.13807531380753
56,Scotland,SCOT,2009/2010,50.0
64,Spain,ESP,2009/2010,58.15789473684211
