country_code,country_name,season,accuracy_percentage
Belgium,BEL,2009/2010,54.285714285714285
England,GBR,2009/2010,55.26315789473685
France,FRA,2009/2010,49.86807387862797
Germany,DEU,2009/2010,49.34640522875817
Italy,ITA,2009/2010,55.4054054054054
Netherlands,NLD,2009/2010,62.95081967213115
Portugal,PRT,2009/2010,53.13807531380753
Scotland,SCOT,2009/2010,50.0
Spain,ESP,2009/2010,58.15789473684211
CHE,CHE,2009/2010,0.0
POL,POL,2009/2010,0.0
