,country_name,season,accuracy_percentage
2,Belgium,2010/2011,53.75
9,England,2010/2011,50.78947368421053
17,France,2010/2011,44.854881266490764
25,Germany,2010/2011,48.69281045751634
33,Italy,2010/2011,51.86170212765957
41,Netherlands,2010/2011,58.496732026143796
49,Portugal,2010/2011,52.30125523012552
57,Scotland,2010/2011,54.824561403508774
65,Spain,2010/2011,61.05263157894737
