,country_code,country_name,season,accuracy_percentage
2,Belgium,BEL,2010/2011,53.75
9,England,GBR ,2010/2011,50.78947368421053
17,France,FRA,2010/2011,44.854881266490764
25,Germany,DEU,2010/2011,48.69281045751634
33,Italy,ITA,2010/2011,51.86170212765957
41,Netherlands,NLD,2010/2011,58.496732026143796
49,Portugal,PRT,2010/2011,52.30125523012552
57,Scotland,SCOT,2010/2011,54.824561403508774
65,Spain,ESP,2010/2011,61.05263157894737
