,country_name,season,accuracy_percentage
3,Belgium,2011/2012,55.46218487394958
10,England,2011/2012,52.10526315789473
18,France,2011/2012,52.10526315789473
26,Germany,2011/2012,50.98039215686274
34,Italy,2011/2012,49.85994397759104
42,Netherlands,2011/2012,59.150326797385624
50,Portugal,2011/2012,57.56302521008403
58,Scotland,2011/2012,52.63157894736842
66,Spain,2011/2012,53.68421052631579
