,country_code,country_name,season,accuracy_percentage
4,Belgium,BEL,2012/2013,48.51063829787234
11,England,GBR ,2012/2013,53.1578947368421
19,France,FRA,2012/2013,51.05263157894737
27,Germany,DEU,2012/2013,50.1639344262295
35,Italy,ITA,2012/2013,55.58510638297872
43,Netherlands,NLD,2012/2013,51.47540983606558
51,Portugal,PRT,2012/2013,55.00000000000001
59,Scotland,GBBR,2012/2013,39.91228070175439
67,Spain,ESP,2012/2013,54.736842105263165
