,country_name,season,accuracy_percentage
12,England,2013/2014,60.0
20,France,2013/2014,51.84210526315789
28,Germany,2013/2014,54.57516339869281
36,Italy,2013/2014,57.631578947368425
44,Netherlands,2013/2014,49.01960784313725
52,Portugal,2013/2014,52.719665271966534
60,Scotland,2013/2014,55.26315789473685
68,Spain,2013/2014,53.68421052631579
