country_code,country_name,season,accuracy_percentage
England,GBR,2013/2014,60.0
France,FRA,2013/2014,51.84210526315789
Germany,DEU,2013/2014,54.57516339869281
Italy,ITA,2013/2014,57.631578947368425
Netherlands,NLD,2013/2014,49.01960784313725
Portugal,PRT,2013/2014,52.719665271966534
Scotland,SCOT,2013/2014,55.26315789473685
Spain,ESP,2013/2014,53.68421052631579
CHE,CHE,2013/2014,0.0
BEL,BEL,2013/2014,0.0
POL,POL,2013/2014,0.0
