,country_name,season,accuracy_percentage
5,Belgium,2014/2015,51.66666666666667
13,England,2014/2015,53.1578947368421
21,France,2014/2015,55.26315789473685
29,Germany,2014/2015,51.633986928104584
37,Italy,2014/2015,45.91029023746702
45,Netherlands,2014/2015,54.57516339869281
53,Portugal,2014/2015,53.94736842105263
61,Scotland,2014/2015,53.50877192982456
69,Spain,2014/2015,56.84210526315789
