,country_code,country_name,season,accuracy_percentage
5,Belgium,BEL,2014/2015,51.66666666666667
13,England,GBR ,2014/2015,53.1578947368421
21,France,FRA,2014/2015,55.26315789473685
29,Germany,DEU,2014/2015,51.633986928104584
37,Italy,ITA,2014/2015,45.91029023746702
45,Netherlands,NLD,2014/2015,54.57516339869281
53,Portugal,PRT,2014/2015,53.94736842105263
61,Scotland,GBBR,2014/2015,53.50877192982456
69,Spain,ESP,2014/2015,56.84210526315789
