country_code,country_name,season,accuracy_percentage
Belgium,BEL,2015/2016,52.5
England,GBR,2015/2016,47.4934036939314
France,FRA,2015/2016,48.94736842105264
Germany,DEU,2015/2016,52.28758169934641
Italy,ITA,2015/2016,52.89473684210526
Netherlands,NLD,2015/2016,55.55555555555556
Portugal,PRT,2015/2016,54.248366013071895
Scotland,SCOT,2015/2016,47.368421052631575
Spain,ESP,2015/2016,55.26315789473685
CHE,CHE,2015/2016,0.0
POL,POL,2015/2016,0.0
