country_code,country_name,season,accuracy_percentage
Belgium,BEL,2010/2011,53.75
England,GBR,2010/2011,49.473684210526315
France,FRA,2010/2011,45.35809018567639
Germany,DEU,2010/2011,48.03921568627451
Italy,ITA,2010/2011,53.03430079155673
Netherlands,NLD,2010/2011,58.82352941176471
Portugal,PRT,2010/2011,52.30125523012552
Scotland,SCOT,2010/2011,56.14035087719298
Spain,ESP,2010/2011,61.05263157894737
CHE,CHE,2010/2011,0.0
POL,POL,2010/2011,0.0
