country_code,country_name,season,accuracy_percentage
Belgium,BEL,2010/2011,53.75
England,GBR,2010/2011,50.78947368421053
France,FRA,2010/2011,44.854881266490764
Germany,DEU,2010/2011,48.69281045751634
Italy,ITA,2010/2011,51.86170212765957
Netherlands,NLD,2010/2011,58.496732026143796
Portugal,PRT,2010/2011,52.30125523012552
Scotland,SCOT,2010/2011,54.824561403508774
Spain,ESP,2010/2011,61.05263157894737
CHE,CHE,2010/2011,0.0
POL,POL,2010/2011,0.0
