country_code,country_name,season,accuracy_percentage
England,GBR,2013/2014,60.26315789473684
France,FRA,2013/2014,52.10526315789473
Germany,DEU,2013/2014,56.5359477124183
Italy,ITA,2013/2014,56.84210526315789
Netherlands,NLD,2013/2014,49.50819672131148
Portugal,PRT,2013/2014,53.813559322033896
Scotland,SCOT,2013/2014,54.385964912280706
Spain,ESP,2013/2014,53.421052631578945
CHE,CHE,2013/2014,0.0
BEL,BEL,2013/2014,0.0
POL,POL,2013/2014,0.0
