country_code,country_name,season,accuracy_percentage
Belgium,BEL,2008/2009,53.79537953795379
England,GBR,2008/2009,53.94736842105263
France,FRA,2008/2009,49.6042216358839
Germany,DEU,2008/2009,53.26797385620915
Italy,ITA,2008/2009,55.78947368421052
Netherlands,NLD,2008/2009,54.09836065573771
Portugal,PRT,2008/2009,57.14285714285714
Scotland,SCOT,2008/2009,49.122807017543856
Spain,ESP,2008/2009,56.464379947229546
CHE,CHE,2008/2009,0.0
POL,POL,2008/2009,0.0
