,country_name,season,accuracy_percentage
0,Belgium,2008/2009,53.79537953795379
7,England,2008/2009,53.94736842105263
15,France,2008/2009,49.6042216358839
23,Germany,2008/2009,53.26797385620915
31,Italy,2008/2009,55.78947368421052
39,Netherlands,2008/2009,54.09836065573771
47,Portugal,2008/2009,57.14285714285714
55,Scotland,2008/2009,49.122807017543856
63,Spain,2008/2009,56.464379947229546
