,country_code,country_name,season,accuracy_percentage
0,Belgium,BEL,2008/2009,53.79537953795379
7,England,GBR ,2008/2009,53.94736842105263
15,France,FRA,2008/2009,49.6042216358839
23,Germany,DEU,2008/2009,53.26797385620915
31,Italy,ITA,2008/2009,55.78947368421052
39,Netherlands,NLD,2008/2009,54.09836065573771
47,Portugal,PRT,2008/2009,57.14285714285714
55,Scotland,GBBR,2008/2009,49.122807017543856
63,Spain,ESP,2008/2009,56.464379947229546
