,country_code,country_name,season,accuracy_percentage
1,Belgium,BEL,2009/2010,53.80952380952381
8,England,GBR ,2009/2010,55.52631578947368
16,France,FRA,2009/2010,50.65963060686016
24,Germany,DEU,2009/2010,49.673202614379086
32,Italy,ITA,2009/2010,55.67282321899736
40,Netherlands,NLD,2009/2010,63.934426229508205
48,Portugal,PRT,2009/2010,52.719665271966534
56,Scotland,GBBR,2009/2010,50.0
64,Spain,ESP,2009/2010,58.42105263157895
