,country_name,season,accuracy_percentage
1,Belgium,2009/2010,53.80952380952381
8,England,2009/2010,55.52631578947368
16,France,2009/2010,50.65963060686016
24,Germany,2009/2010,49.673202614379086
32,Italy,2009/2010,55.67282321899736
40,Netherlands,2009/2010,63.934426229508205
48,Portugal,2009/2010,52.719665271966534
56,Scotland,2009/2010,50.0
64,Spain,2009/2010,58.42105263157895
