country_code,country_name,season,accuracy_percentage
2,Belgium,2010/2011,53.75
9,England,2010/2011,50.78947368421053
17,France,2010/2011,44.854881266490764
25,Germany,2010/2011,48.36601307189542
33,Italy,2010/2011,53.315649867374006
41,Netherlands,2010/2011,58.16993464052288
49,Portugal,2010/2011,51.88284518828452
57,Scotland,2010/2011,56.57894736842105
65,Spain,2010/2011,61.05263157894737
