country_code,country_name,season,accuracy_percentage
BEL,Belgium,2010/2011,53.75
GBR,England,2010/2011,50.78947368421053
FRA,France,2010/2011,44.854881266490764
DEU,Germany,2010/2011,48.36601307189542
ITA,Italy,2010/2011,53.315649867374006
NLD,Netherlands,2010/2011,58.16993464052288
PRT,Portugal,2010/2011,51.88284518828452
ESP,Scotland,2010/2011,56.57894736842105
GBR,Spain,2010/2011,61.05263157894737
