,country_name,season,accuracy_percentage
3,Belgium,2011/2012,55.88235294117647
10,England,2011/2012,52.10526315789473
18,France,2011/2012,51.31578947368421
26,Germany,2011/2012,50.98039215686274
34,Italy,2011/2012,50.98039215686274
42,Netherlands,2011/2012,59.47712418300654
50,Portugal,2011/2012,58.40336134453782
58,Scotland,2011/2012,52.63157894736842
66,Spain,2011/2012,53.68421052631579
