,country_code,country_name,season,accuracy_percentage
3,Belgium,BEL,2011/2012,55.88235294117647
10,England,GBR ,2011/2012,52.10526315789473
18,France,FRA,2011/2012,51.31578947368421
26,Germany,DEU,2011/2012,50.98039215686274
34,Italy,ITA,2011/2012,50.98039215686274
42,Netherlands,NLD,2011/2012,59.47712418300654
50,Portugal,PRT,2011/2012,58.40336134453782
58,Scotland,SCOT,2011/2012,52.63157894736842
66,Spain,ESP,2011/2012,53.68421052631579
