,country_code,country_name,season,accuracy_percentage
12,England,GBR ,2013/2014,60.0
20,France,FRA,2013/2014,52.368421052631575
28,Germany,DEU,2013/2014,55.22875816993464
36,Italy,ITA,2013/2014,57.10526315789474
44,Netherlands,NLD,2013/2014,49.01960784313725
52,Portugal,PRT,2013/2014,54.39330543933054
60,Scotland,GBBR,2013/2014,55.70175438596491
68,Spain,ESP,2013/2014,53.94736842105263
