,country_name,season,accuracy_percentage
12,England,2013/2014,60.0
20,France,2013/2014,52.368421052631575
28,Germany,2013/2014,55.22875816993464
36,Italy,2013/2014,57.10526315789474
44,Netherlands,2013/2014,49.01960784313725
52,Portugal,2013/2014,54.39330543933054
60,Scotland,2013/2014,55.70175438596491
68,Spain,2013/2014,53.94736842105263
