,country_code,country_name,season,accuracy_percentage
6,Belgium,BEL,2015/2016,52.083333333333336
14,England,GBR ,2015/2016,47.368421052631575
22,France,FRA,2015/2016,49.340369393139845
30,Germany,DEU,2015/2016,53.26797385620915
38,Italy,ITA,2015/2016,53.421052631578945
46,Netherlands,NLD,2015/2016,55.22875816993464
54,Portugal,PRT,2015/2016,55.55555555555556
62,Scotland,SCOT,2015/2016,46.49122807017544
70,Spain,ESP,2015/2016,54.736842105263165
