,country_name,season,accuracy_percentage
0,Belgium,2008/2009,54.63576158940398
7,England,2008/2009,54.21052631578947
15,France,2008/2009,49.86807387862797
23,Germany,2008/2009,52.94117647058824
31,Italy,2008/2009,55.29100529100529
39,Netherlands,2008/2009,53.64238410596026
47,Portugal,2008/2009,56.837606837606835
55,Scotland,2008/2009,49.56140350877193
63,Spain,2008/2009,55.145118733509236
