,country_code,country_name,season,accuracy_percentage
0,Belgium,BEL,2008/2009,54.63576158940398
7,England,GBR ,2008/2009,54.21052631578947
15,France,FRA,2008/2009,49.86807387862797
23,Germany,DEU,2008/2009,52.94117647058824
31,Italy,ITA,2008/2009,55.29100529100529
39,Netherlands,NLD,2008/2009,53.64238410596026
47,Portugal,PRT,2008/2009,56.837606837606835
55,Scotland,SCOT,2008/2009,49.56140350877193
63,Spain,ESP,2008/2009,55.145118733509236
