country_code,country_name,season,accuracy_percentage
Belgium,BEL,2008/2009,54.63576158940398
England,GBR,2008/2009,54.21052631578947
France,FRA,2008/2009,49.86807387862797
Germany,DEU,2008/2009,52.94117647058824
Italy,ITA,2008/2009,55.29100529100529
Netherlands,NLD,2008/2009,53.64238410596026
Portugal,PRT,2008/2009,56.837606837606835
Scotland,SCOT,2008/2009,49.56140350877193
Spain,ESP,2008/2009,55.145118733509236
CHE,CHE,2008/2009,0.0
POL,POL,2008/2009,0.0
