,country_code,country_name,season,accuracy_percentage
1,Belgium,BEL,2009/2010,54.285714285714285
8,England,GBR ,2009/2010,55.78947368421052
16,France,FRA,2009/2010,51.187335092348285
24,Germany,DEU,2009/2010,49.01960784313725
32,Italy,ITA,2009/2010,55.96816976127321
40,Netherlands,NLD,2009/2010,62.58278145695364
48,Portugal,PRT,2009/2010,53.36134453781513
56,Scotland,GBBR,2009/2010,49.56140350877193
64,Spain,ESP,2009/2010,58.15789473684211
