,country_name,season,accuracy_percentage
1,Belgium,2009/2010,54.285714285714285
8,England,2009/2010,55.78947368421052
16,France,2009/2010,51.187335092348285
24,Germany,2009/2010,49.01960784313725
32,Italy,2009/2010,55.96816976127321
40,Netherlands,2009/2010,62.58278145695364
48,Portugal,2009/2010,53.36134453781513
56,Scotland,2009/2010,49.56140350877193
64,Spain,2009/2010,58.15789473684211
