country_code,country_name,season,accuracy_percentage
Belgium,BEL,2010/2011,54.166666666666664
England,GBR,2010/2011,50.26315789473684
France,FRA,2010/2011,45.11873350923483
Germany,DEU,2010/2011,48.03921568627451
Italy,ITA,2010/2011,53.17460317460318
Netherlands,NLD,2010/2011,58.16993464052288
Portugal,PRT,2010/2011,51.88284518828452
Scotland,SCOT,2010/2011,56.14035087719298
Spain,ESP,2010/2011,60.78947368421053
CHE,CHE,2010/2011,0.0
POL,POL,2010/2011,0.0
