,country_name,season,accuracy_percentage
2,Belgium,2010/2011,54.166666666666664
9,England,2010/2011,50.26315789473684
17,France,2010/2011,45.11873350923483
25,Germany,2010/2011,48.03921568627451
33,Italy,2010/2011,53.17460317460318
41,Netherlands,2010/2011,58.16993464052288
49,Portugal,2010/2011,51.88284518828452
57,Scotland,2010/2011,56.14035087719298
65,Spain,2010/2011,60.78947368421053
