,country_name,season,accuracy_percentage
3,Belgium,2011/2012,55.04201680672269
10,England,2011/2012,52.368421052631575
18,France,2011/2012,51.31578947368421
26,Germany,2011/2012,50.65359477124183
34,Italy,2011/2012,49.85994397759104
42,Netherlands,2011/2012,59.150326797385624
50,Portugal,2011/2012,57.56302521008403
58,Scotland,2011/2012,53.07017543859649
66,Spain,2011/2012,53.68421052631579
