,country_code,country_name,season,accuracy_percentage
12,England,GBR ,2013/2014,60.26315789473684
20,France,FRA,2013/2014,52.242744063324544
28,Germany,DEU,2013/2014,55.55555555555556
36,Italy,ITA,2013/2014,57.631578947368425
44,Netherlands,NLD,2013/2014,49.18032786885246
52,Portugal,PRT,2013/2014,52.719665271966534
60,Scotland,GBBR,2013/2014,54.824561403508774
68,Spain,ESP,2013/2014,53.68421052631579
