,country_name,season,accuracy_percentage
12,England,2013/2014,60.26315789473684
20,France,2013/2014,52.242744063324544
28,Germany,2013/2014,55.55555555555556
36,Italy,2013/2014,57.631578947368425
44,Netherlands,2013/2014,49.18032786885246
52,Portugal,2013/2014,52.719665271966534
60,Scotland,2013/2014,54.824561403508774
68,Spain,2013/2014,53.68421052631579
