,country_name,season,accuracy_percentage
5,Belgium,2014/2015,51.24999999999999
13,England,2014/2015,52.89473684210526
21,France,2014/2015,55.00000000000001
29,Germany,2014/2015,52.28758169934641
37,Italy,2014/2015,46.15384615384615
45,Netherlands,2014/2015,54.248366013071895
53,Portugal,2014/2015,53.94736842105263
61,Scotland,2014/2015,53.94736842105263
69,Spain,2014/2015,57.36842105263158
