,country_name,season,accuracy_percentage
6,Belgium,2015/2016,51.24999999999999
14,England,2015/2016,46.8421052631579
22,France,2015/2016,49.73684210526316
30,Germany,2015/2016,52.94117647058824
38,Italy,2015/2016,52.89473684210526
46,Netherlands,2015/2016,54.57516339869281
54,Portugal,2015/2016,54.90196078431373
62,Scotland,2015/2016,46.05263157894737
70,Spain,2015/2016,54.736842105263165
