country_code,country_name,season,accuracy_percentage
England,GBR,2013/2014,60.26315789473684
France,FRA,2013/2014,52.242744063324544
Germany,DEU,2013/2014,55.55555555555556
Italy,ITA,2013/2014,57.631578947368425
Netherlands,NLD,2013/2014,49.18032786885246
Portugal,PRT,2013/2014,52.719665271966534
Scotland,SCOT,2013/2014,54.824561403508774
Spain,ESP,2013/2014,53.68421052631579
CHE,CHE,2013/2014,0.0
BEL,BEL,2013/2014,0.0
POL,POL,2013/2014,0.0
