,country_name,season,accuracy_percentage
5,Belgium,2014/2015,52.083333333333336
13,England,2014/2015,53.68421052631579
21,France,2014/2015,54.473684210526315
29,Germany,2014/2015,51.307189542483655
37,Italy,2014/2015,46.965699208443276
45,Netherlands,2014/2015,54.57516339869281
53,Portugal,2014/2015,54.42622950819672
61,Scotland,2014/2015,53.94736842105263
69,Spain,2014/2015,56.84210526315789
