,country_name,season,accuracy_percentage
6,Belgium,2015/2016,52.083333333333336
14,England,2015/2016,47.368421052631575
22,France,2015/2016,49.340369393139845
30,Germany,2015/2016,53.26797385620915
38,Italy,2015/2016,53.421052631578945
46,Netherlands,2015/2016,55.22875816993464
54,Portugal,2015/2016,55.55555555555556
62,Scotland,2015/2016,46.49122807017544
70,Spain,2015/2016,54.736842105263165
