country_code,country_name,season,accuracy_percentage
Belgium,BEL,2010/2011,53.333333333333336
England,GBR,2010/2011,51.05263157894737
France,FRA,2010/2011,45.11873350923483
Germany,DEU,2010/2011,48.03921568627451
Italy,ITA,2010/2011,52.67379679144385
Netherlands,NLD,2010/2011,58.496732026143796
Portugal,PRT,2010/2011,52.719665271966534
Scotland,SCOT,2010/2011,56.14035087719298
Spain,ESP,2010/2011,61.05263157894737
CHE,CHE,2010/2011,0.0
POL,POL,2010/2011,0.0
