,country_name,season,accuracy_percentage
0,Belgium,2008/2009,54.48504983388705
7,England,2008/2009,54.089709762532976
15,France,2008/2009,50.65963060686016
23,Germany,2008/2009,53.26797385620915
31,Italy,2008/2009,54.01069518716578
39,Netherlands,2008/2009,54.63576158940398
47,Portugal,2008/2009,56.72268907563025
55,Scotland,2008/2009,48.458149779735685
63,Spain,2008/2009,55.4089709762533
