country_code,country_name,season,accuracy_percentage
Belgium,BEL,2009/2010,53.333333333333336
England,GBR,2009/2010,55.78947368421052
France,FRA,2009/2010,51.187335092348285
Germany,DEU,2009/2010,49.34640522875817
Italy,ITA,2009/2010,55.88235294117647
Netherlands,NLD,2009/2010,61.71617161716172
Portugal,PRT,2009/2010,52.719665271966534
Scotland,SCOT,2009/2010,49.122807017543856
Spain,ESP,2009/2010,58.42105263157895
CHE,CHE,2009/2010,0.0
POL,POL,2009/2010,0.0
