,country_code,country_name,season,accuracy_percentage
1,Belgium,BEL,2009/2010,53.333333333333336
8,England,GBR ,2009/2010,55.78947368421052
16,France,FRA,2009/2010,51.187335092348285
24,Germany,DEU,2009/2010,49.34640522875817
32,Italy,ITA,2009/2010,55.88235294117647
40,Netherlands,NLD,2009/2010,61.71617161716172
48,Portugal,PRT,2009/2010,52.719665271966534
56,Scotland,GBBR,2009/2010,49.122807017543856
64,Spain,ESP,2009/2010,58.42105263157895
