,country_name,season,accuracy_percentage
2,Belgium,2010/2011,53.36134453781513
9,England,2010/2011,50.78947368421053
17,France,2010/2011,44.854881266490764
25,Germany,2010/2011,48.03921568627451
33,Italy,2010/2011,53.06666666666666
41,Netherlands,2010/2011,58.16993464052288
49,Portugal,2010/2011,51.47679324894515
57,Scotland,2010/2011,54.86725663716814
65,Spain,2010/2011,60.78947368421053
