,country_code,country_name,season,accuracy_percentage
2,Belgium,BEL,2010/2011,53.36134453781513
9,England,GBR ,2010/2011,50.78947368421053
17,France,FRA,2010/2011,44.854881266490764
25,Germany,DEU,2010/2011,48.03921568627451
33,Italy,ITA,2010/2011,53.06666666666666
41,Netherlands,NLD,2010/2011,58.16993464052288
49,Portugal,PRT,2010/2011,51.47679324894515
57,Scotland,SCOT,2010/2011,54.86725663716814
65,Spain,ESP,2010/2011,60.78947368421053
