,country_name,season,accuracy_percentage
3,Belgium,2011/2012,54.621848739495796
10,England,2011/2012,52.10526315789473
18,France,2011/2012,50.92348284960422
26,Germany,2011/2012,51.307189542483655
34,Italy,2011/2012,50.70422535211267
42,Netherlands,2011/2012,59.07590759075908
50,Portugal,2011/2012,56.59574468085107
58,Scotland,2011/2012,51.31578947368421
66,Spain,2011/2012,55.00000000000001
