,country_name,season,accuracy_percentage
12,England,2013/2014,60.78947368421053
20,France,2013/2014,52.63157894736842
28,Germany,2013/2014,57.23684210526315
36,Italy,2013/2014,57.89473684210527
44,Netherlands,2013/2014,49.34640522875817
52,Portugal,2013/2014,54.23728813559322
60,Scotland,2013/2014,55.06607929515418
68,Spain,2013/2014,53.70370370370371
