,country_name,season,accuracy_percentage
5,Belgium,2014/2015,50.63291139240506
13,England,2014/2015,52.242744063324544
21,France,2014/2015,55.026455026455025
29,Germany,2014/2015,51.81518151815182
37,Italy,2014/2015,47.07446808510639
45,Netherlands,2014/2015,52.94117647058824
53,Portugal,2014/2015,53.666666666666664
61,Scotland,2014/2015,53.74449339207048
69,Spain,2014/2015,57.25593667546174
