country_code,country_name,season,accuracy_percentage
Belgium,BEL,2015/2016,52.30125523012552
England,GBR,2015/2016,47.368421052631575
France,FRA,2015/2016,48.94736842105264
Germany,DEU,2015/2016,52.614379084967325
Italy,ITA,2015/2016,53.94736842105263
Netherlands,NLD,2015/2016,54.93421052631579
Portugal,PRT,2015/2016,54.75409836065573
Scotland,SCOT,2015/2016,46.92982456140351
Spain,ESP,2015/2016,53.94736842105263
CHE,CHE,2015/2016,0.0
POL,POL,2015/2016,0.0
