,country_name,season,accuracy_percentage
1,Belgium,2009/2010,53.588516746411486
6,England,2009/2010,55.52631578947368
11,France,2009/2010,50.65963060686016
16,Germany,2009/2010,49.01960784313725
21,Italy,2009/2010,55.93667546174142
26,Netherlands,2009/2010,63.1578947368421
31,Portugal,2009/2010,52.719665271966534
36,Scotland,2009/2010,49.56140350877193
41,Spain,2009/2010,58.42105263157895
