,country_code,country_name,season,accuracy_percentage
2,Belgium,BEL,2010/2011,54.04255319148936
7,England,GBR ,2010/2011,50.26315789473684
12,France,FRA,2010/2011,45.382585751978894
17,Germany,DEU,2010/2011,48.36601307189542
22,Italy,ITA,2010/2011,52.84552845528455
27,Netherlands,NLD,2010/2011,57.18954248366013
32,Portugal,PRT,2010/2011,51.68067226890757
37,Scotland,SCOT,2010/2011,55.70175438596491
42,Spain,ESP,2010/2011,61.05263157894737
