,country_name,season,accuracy_percentage
3,Belgium,2011/2012,55.46218487394958
8,England,2011/2012,52.10526315789473
13,France,2011/2012,51.84210526315789
18,Germany,2011/2012,50.326797385620914
23,Italy,2011/2012,50.42253521126761
28,Netherlands,2011/2012,59.150326797385624
33,Portugal,2011/2012,58.40336134453782
38,Scotland,2011/2012,52.19298245614035
43,Spain,2011/2012,53.68421052631579
