,country_name,season,accuracy_percentage
4,Belgium,2012/2013,48.29059829059829
9,England,2012/2013,53.421052631578945
14,France,2012/2013,51.578947368421055
19,Germany,2012/2013,49.8360655737705
24,Italy,2012/2013,55.145118733509236
29,Netherlands,2012/2013,51.147540983606554
34,Portugal,2012/2013,53.55648535564853
39,Scotland,2012/2013,39.91228070175439
44,Spain,2012/2013,55.00000000000001
