country_code,country_name,season,accuracy_percentage
Belgium,BEL,2008/2009,54.48504983388705
England,GBR,2008/2009,54.089709762532976
France,FRA,2008/2009,50.65963060686016
Germany,DEU,2008/2009,53.26797385620915
Italy,ITA,2008/2009,54.01069518716578
Netherlands,NLD,2008/2009,54.63576158940398
Portugal,PRT,2008/2009,56.72268907563025
Scotland,SCOT,2008/2009,48.458149779735685
Spain,ESP,2008/2009,55.4089709762533
CHE,CHE,2008/2009,0.0
POL,POL,2008/2009,0.0
