,country_code,country_name,season,accuracy_percentage
0,Belgium,BEL,2008/2009,53.79537953795379
5,England,GBR ,2008/2009,53.94736842105263
10,France,FRA,2008/2009,50.65963060686016
15,Germany,DEU,2008/2009,52.614379084967325
20,Italy,ITA,2008/2009,55.145118733509236
25,Netherlands,NLD,2008/2009,54.09836065573771
30,Portugal,PRT,2008/2009,57.14285714285714
35,Scotland,GBBR,2008/2009,48.24561403508772
40,Spain,ESP,2008/2009,55.55555555555556
