country_code,country_name,season,accuracy_percentage
Belgium,BEL,2008/2009,53.79537953795379
England,GBR,2008/2009,53.94736842105263
France,FRA,2008/2009,50.65963060686016
Germany,DEU,2008/2009,52.614379084967325
Italy,ITA,2008/2009,55.145118733509236
Netherlands,NLD,2008/2009,54.09836065573771
Portugal,PRT,2008/2009,57.14285714285714
Scotland,SCOT,2008/2009,48.24561403508772
Spain,ESP,2008/2009,55.55555555555556
CHE,CHE,2008/2009,0.0
POL,POL,2008/2009,0.0
