,country_name,season,accuracy_percentage
0,Belgium,2008/2009,53.79537953795379
5,England,2008/2009,53.94736842105263
10,France,2008/2009,50.65963060686016
15,Germany,2008/2009,52.614379084967325
20,Italy,2008/2009,55.145118733509236
25,Netherlands,2008/2009,54.09836065573771
30,Portugal,2008/2009,57.14285714285714
35,Scotland,2008/2009,48.24561403508772
40,Spain,2008/2009,55.55555555555556
