,country_name,season,accuracy_percentage
1,Belgium,2009/2010,53.333333333333336
6,England,2009/2010,55.00000000000001
11,France,2009/2010,51.187335092348285
16,Germany,2009/2010,49.18032786885246
21,Italy,2009/2010,55.55555555555556
26,Netherlands,2009/2010,62.95081967213115
31,Portugal,2009/2010,52.10084033613446
36,Scotland,2009/2010,49.56140350877193
41,Spain,2009/2010,58.15789473684211
