,country_code,country_name,season,accuracy_percentage
1,Belgium,BEL,2009/2010,53.333333333333336
6,England,GBR ,2009/2010,55.00000000000001
11,France,FRA,2009/2010,51.187335092348285
16,Germany,DEU,2009/2010,49.18032786885246
21,Italy,ITA,2009/2010,55.55555555555556
26,Netherlands,NLD,2009/2010,62.95081967213115
31,Portugal,PRT,2009/2010,52.10084033613446
36,Scotland,GBBR,2009/2010,49.56140350877193
41,Spain,ESP,2009/2010,58.15789473684211
