,country_code,country_name,season,accuracy_percentage
2,Belgium,BEL,2010/2011,53.333333333333336
7,England,GBR ,2010/2011,51.05263157894737
12,France,FRA,2010/2011,45.11873350923483
17,Germany,DEU,2010/2011,48.03921568627451
22,Italy,ITA,2010/2011,52.67379679144385
27,Netherlands,NLD,2010/2011,58.496732026143796
32,Portugal,PRT,2010/2011,52.719665271966534
37,Scotland,SCOT,2010/2011,56.14035087719298
42,Spain,ESP,2010/2011,61.05263157894737
