,country_name,season,accuracy_percentage
2,Belgium,2010/2011,53.333333333333336
7,England,2010/2011,51.05263157894737
12,France,2010/2011,45.11873350923483
17,Germany,2010/2011,48.03921568627451
22,Italy,2010/2011,52.67379679144385
27,Netherlands,2010/2011,58.496732026143796
32,Portugal,2010/2011,52.719665271966534
37,Scotland,2010/2011,56.14035087719298
42,Spain,2010/2011,61.05263157894737
