,country_name,season,accuracy_percentage
3,Belgium,2011/2012,55.88235294117647
8,England,2011/2012,52.10526315789473
13,France,2011/2012,51.31578947368421
18,Germany,2011/2012,51.633986928104584
23,Italy,2011/2012,50.700280112044815
28,Netherlands,2011/2012,59.150326797385624
33,Portugal,2011/2012,58.40336134453782
38,Scotland,2011/2012,53.07017543859649
43,Spain,2011/2012,54.473684210526315
