country_code,country_name,season,accuracy_percentage
Belgium,BEL,2008/2009,54.78547854785478
England,GBR,2008/2009,54.21052631578947
France,FRA,2008/2009,49.6042216358839
Germany,DEU,2008/2009,52.94117647058824
Italy,ITA,2008/2009,55.4089709762533
Netherlands,NLD,2008/2009,54.12541254125413
Portugal,PRT,2008/2009,57.14285714285714
Scotland,SCOT,2008/2009,50.0
Spain,ESP,2008/2009,55.93667546174142
CHE,CHE,2008/2009,0.0
POL,POL,2008/2009,0.0
