,country_name,season,accuracy_percentage
1,Belgium,2009/2010,53.80952380952381
8,England,2009/2010,55.78947368421052
16,France,2009/2010,50.92348284960422
24,Germany,2009/2010,49.01960784313725
32,Italy,2009/2010,55.61497326203209
40,Netherlands,2009/2010,63.60655737704918
48,Portugal,2009/2010,52.30125523012552
56,Scotland,2009/2010,49.77973568281938
64,Spain,2009/2010,58.15789473684211
