,country_name,season,accuracy_percentage
3,Belgium,2011/2012,54.621848739495796
10,England,2011/2012,52.10526315789473
18,France,2011/2012,52.368421052631575
26,Germany,2011/2012,51.307189542483655
34,Italy,2011/2012,50.98039215686274
42,Netherlands,2011/2012,59.47712418300654
50,Portugal,2011/2012,57.98319327731093
58,Scotland,2011/2012,53.07017543859649
66,Spain,2011/2012,53.421052631578945
