country_code,country_name,season,accuracy_percentage
Belgium,BEL,2011/2012,54.621848739495796
England,GBR,2011/2012,52.10526315789473
France,FRA,2011/2012,52.368421052631575
Germany,DEU,2011/2012,51.307189542483655
Italy,ITA,2011/2012,50.98039215686274
Netherlands,NLD,2011/2012,59.47712418300654
Portugal,PRT,2011/2012,57.98319327731093
Scotland,SCOT,2011/2012,53.07017543859649
Spain,ESP,2011/2012,53.421052631578945
CHE,CHE,2011/2012,0.0
POL,POL,2011/2012,0.0
