,country_name,season,accuracy_percentage
4,Belgium,2012/2013,48.08510638297872
11,England,2012/2013,52.89473684210526
19,France,2012/2013,51.84210526315789
27,Germany,2012/2013,49.18032786885246
35,Italy,2012/2013,55.82010582010582
43,Netherlands,2012/2013,50.81967213114754
51,Portugal,2012/2013,55.00000000000001
59,Scotland,2012/2013,41.228070175438596
67,Spain,2012/2013,54.35356200527705
