,country_code,country_name,season,accuracy_percentage
12,England,GBR ,2013/2014,60.0
20,France,FRA,2013/2014,52.368421052631575
28,Germany,DEU,2013/2014,54.90196078431373
36,Italy,ITA,2013/2014,57.36842105263158
44,Netherlands,NLD,2013/2014,48.69281045751634
52,Portugal,PRT,2013/2014,53.55648535564853
60,Scotland,SCOT,2013/2014,56.14035087719298
68,Spain,ESP,2013/2014,53.68421052631579
