,country_name,season,accuracy_percentage
6,Belgium,2015/2016,51.24999999999999
14,England,2015/2016,47.368421052631575
22,France,2015/2016,49.473684210526315
30,Germany,2015/2016,52.28758169934641
38,Italy,2015/2016,53.562005277044854
46,Netherlands,2015/2016,55.73770491803278
54,Portugal,2015/2016,55.08196721311476
62,Scotland,2015/2016,46.92982456140351
70,Spain,2015/2016,54.736842105263165
