country_code,country_name,season,accuracy_percentage
Belgium,BEL,2008/2009,55.29801324503312
England,GBR,2008/2009,53.421052631578945
France,FRA,2008/2009,50.131926121372025
Germany,DEU,2008/2009,54.09836065573771
Italy,ITA,2008/2009,54.88126649076517
Netherlands,NLD,2008/2009,53.442622950819676
Portugal,PRT,2008/2009,57.14285714285714
Scotland,SCOT,2008/2009,49.122807017543856
Spain,ESP,2008/2009,56.200527704485495
CHE,CHE,2008/2009,0.0
POL,POL,2008/2009,0.0
