country_code,country_name,season,accuracy_percentage
Belgium,BEL,2009/2010,53.588516746411486
England,GBR,2009/2010,55.52631578947368
France,FRA,2009/2010,50.65963060686016
Germany,DEU,2009/2010,49.01960784313725
Italy,ITA,2009/2010,55.93667546174142
Netherlands,NLD,2009/2010,63.1578947368421
Portugal,PRT,2009/2010,52.719665271966534
Scotland,SCOT,2009/2010,49.56140350877193
Spain,ESP,2009/2010,58.42105263157895
CHE,CHE,2009/2010,0.0
POL,POL,2009/2010,0.0
