country_code,country_name,season,accuracy_percentage
Belgium,BEL,2012/2013,48.29059829059829
England,GBR,2012/2013,53.421052631578945
France,FRA,2012/2013,51.578947368421055
Germany,DEU,2012/2013,49.8360655737705
Italy,ITA,2012/2013,55.145118733509236
Netherlands,NLD,2012/2013,51.147540983606554
Portugal,PRT,2012/2013,53.55648535564853
Scotland,SCOT,2012/2013,39.91228070175439
Spain,ESP,2012/2013,55.00000000000001
CHE,CHE,2012/2013,0.0
POL,POL,2012/2013,0.0
