country_code,country_name,season,accuracy_percentage
Belgium,BEL,2010/2011,54.166666666666664
England,GBR,2010/2011,50.526315789473685
France,FRA,2010/2011,45.382585751978894
Germany,DEU,2010/2011,48.03921568627451
Italy,ITA,2010/2011,52.58855585831063
Netherlands,NLD,2010/2011,57.70491803278689
Portugal,PRT,2010/2011,51.88284518828452
Scotland,SCOT,2010/2011,57.01754385964912
Spain,ESP,2010/2011,60.78947368421053
CHE,CHE,2010/2011,0.0
POL,POL,2010/2011,0.0
