,country_name,season,accuracy_percentage
0,Belgium,2008/2009,55.115511551155116
6,England,2008/2009,53.68421052631579
13,France,2008/2009,50.3957783641161
20,Germany,2008/2009,52.28758169934641
27,Italy,2008/2009,55.52631578947368
34,Netherlands,2008/2009,52.78688524590164
41,Portugal,2008/2009,56.30252100840336
48,Scotland,2008/2009,49.122807017543856
55,Spain,2008/2009,55.67282321899736
