,country_name,season,accuracy_percentage
1,Belgium,2009/2010,54.761904761904766
7,England,2009/2010,55.52631578947368
14,France,2009/2010,50.65963060686016
21,Germany,2009/2010,49.18032786885246
28,Italy,2009/2010,55.82655826558266
35,Netherlands,2009/2010,62.62295081967213
42,Portugal,2009/2010,53.61702127659574
49,Scotland,2009/2010,49.56140350877193
56,Spain,2009/2010,58.15789473684211
