,country_name,season,accuracy_percentage
2,Belgium,2010/2011,53.75
8,England,2010/2011,49.473684210526315
15,France,2010/2011,45.35809018567639
22,Germany,2010/2011,48.03921568627451
29,Italy,2010/2011,53.03430079155673
36,Netherlands,2010/2011,58.82352941176471
43,Portugal,2010/2011,52.30125523012552
50,Scotland,2010/2011,56.14035087719298
57,Spain,2010/2011,61.05263157894737
