,country_code,country_name,season,accuracy_percentage
2,Belgium,BEL,2010/2011,53.75
8,England,GBR ,2010/2011,49.473684210526315
15,France,FRA,2010/2011,45.35809018567639
22,Germany,DEU,2010/2011,48.03921568627451
29,Italy,ITA,2010/2011,53.03430079155673
36,Netherlands,NLD,2010/2011,58.82352941176471
43,Portugal,PRT,2010/2011,52.30125523012552
50,Scotland,GBBR,2010/2011,56.14035087719298
57,Spain,ESP,2010/2011,61.05263157894737
