,country_code,country_name,season,accuracy_percentage
3,Belgium,BEL,2011/2012,55.04201680672269
9,England,GBR ,2011/2012,52.10526315789473
16,France,FRA,2011/2012,52.10526315789473
23,Germany,DEU,2011/2012,51.307189542483655
30,Italy,ITA,2011/2012,50.42016806722689
37,Netherlands,NLD,2011/2012,59.47712418300654
44,Portugal,PRT,2011/2012,57.56302521008403
51,Scotland,GBBR,2011/2012,52.19298245614035
58,Spain,ESP,2011/2012,54.21052631578947
