,country_name,season,accuracy_percentage
3,Belgium,2011/2012,55.04201680672269
9,England,2011/2012,52.10526315789473
16,France,2011/2012,52.10526315789473
23,Germany,2011/2012,51.307189542483655
30,Italy,2011/2012,50.42016806722689
37,Netherlands,2011/2012,59.47712418300654
44,Portugal,2011/2012,57.56302521008403
51,Scotland,2011/2012,52.19298245614035
58,Spain,2011/2012,54.21052631578947
