,country_code,country_name,season,accuracy_percentage
4,Belgium,BEL,2012/2013,48.93617021276596
10,England,GBR ,2012/2013,52.89473684210526
17,France,FRA,2012/2013,50.92348284960422
24,Germany,DEU,2012/2013,49.8360655737705
31,Italy,ITA,2012/2013,55.67282321899736
38,Netherlands,NLD,2012/2013,50.98684210526315
45,Portugal,PRT,2012/2013,54.39330543933054
52,Scotland,GBBR,2012/2013,41.228070175438596
59,Spain,ESP,2012/2013,54.473684210526315
