,country_name,season,accuracy_percentage
5,Belgium,2014/2015,41.07142857142857
12,England,2014/2015,45.0
19,France,2014/2015,55.10204081632652
26,Germany,2014/2015,30.76923076923077
33,Italy,2014/2015,57.89473684210527
40,Netherlands,2014/2015,51.11111111111111
47,Portugal,2014/2015,57.14285714285714
54,Scotland,2014/2015,52.94117647058824
61,Spain,2014/2015,44.827586206896555
