,country_name,season,accuracy_percentage
4,England,2013/2014,60.0
8,France,2013/2014,52.89473684210526
12,Germany,2013/2014,54.90196078431373
16,Italy,2013/2014,57.25593667546174
20,Netherlands,2013/2014,48.01324503311258
24,Portugal,2013/2014,53.58649789029536
28,Scotland,2013/2014,54.86725663716814
32,Spain,2013/2014,53.421052631578945
