,country_name,season,accuracy_percentage
1,Belgium,2014/2015,51.89873417721519
5,England,2014/2015,53.29815303430079
9,France,2014/2015,55.00000000000001
13,Germany,2014/2015,50.98039215686274
17,Italy,2014/2015,47.229551451187334
21,Netherlands,2014/2015,54.276315789473685
25,Portugal,2014/2015,53.666666666666664
29,Scotland,2014/2015,55.06607929515418
33,Spain,2014/2015,56.613756613756614
