,country_name,season,accuracy_percentage
2,Belgium,2015/2016,51.66666666666667
6,England,2015/2016,47.63157894736842
10,France,2015/2016,48.68421052631579
14,Germany,2015/2016,52.614379084967325
18,Italy,2015/2016,53.68421052631579
22,Netherlands,2015/2016,55.40983606557377
26,Portugal,2015/2016,55.40983606557377
30,Scotland,2015/2016,47.53363228699551
34,Spain,2015/2016,54.61741424802111
