country_code,country_name,season,accuracy_percentage
Belgium,BEL,2014/2015,52.083333333333336
England,GBR,2014/2015,53.68421052631579
France,FRA,2014/2015,54.473684210526315
Germany,DEU,2014/2015,51.307189542483655
Italy,ITA,2014/2015,46.965699208443276
Netherlands,NLD,2014/2015,54.57516339869281
Portugal,PRT,2014/2015,54.42622950819672
Scotland,SCOT,2014/2015,53.94736842105263
Spain,ESP,2014/2015,56.84210526315789
CHE,CHE,2014/2015,0.0
POL,POL,2014/2015,0.0
